hex_id,ward_sourcewardcode,ward_name,intersection_area_m2,pct_of_hex_area,pct_of_ward_area_within_hex,is_primary_ward
H-R002-C058,79,Sukhniwas,580649.57,29.7989,59.1144,True
H-R002-C058,77,Billavali,401598.03,20.61,40.8856,False
H-R002-C059,77,Billavali,808317.05,41.4829,100.0,True
H-R002-C060,77,Billavali,720182.82,36.9598,100.0,True
H-R003-C057,79,Sukhniwas,1948557.16,100.0,100.0,True
H-R003-C058,77,Billavali,1436104.18,73.7009,73.7009,True
H-R003-C058,79,Sukhniwas,512452.98,26.2991,26.2991,False
H-R003-C059,77,Billavali,1948557.16,100.0,100.0,True
H-R003-C060,77,Billavali,1702656.84,87.3804,100.0,True
H-R004-C056,79,Sukhniwas,1177267.7,60.4174,100.0,True
H-R004-C057,79,Sukhniwas,1903850.45,97.7057,97.7062,True
H-R004-C057,77,Billavali,44695.71,2.2938,2.2938,False
H-R004-C058,79,Sukhniwas,1736900.99,89.1378,89.1378,True
H-R004-C058,77,Billavali,211656.17,10.8622,10.8622,False
H-R004-C059,77,Billavali,1912050.0,98.1265,98.1265,True
H-R004-C059,79,Sukhniwas,36507.16,1.8735,1.8735,False
H-R004-C060,77,Billavali,1948557.16,100.0,100.0,True
H-R005-C054,79,Sukhniwas,1367827.36,70.1969,100.0,True
H-R005-C055,79,Sukhniwas,1921080.13,98.5899,100.0,True
H-R005-C056,79,Sukhniwas,1607690.03,82.5067,82.5067,True
H-R005-C056,80,Dr Rajendra Prasaad,239077.29,12.2695,12.2695,False
H-R005-C056,78,Choithram,101784.62,5.2236,5.2236,False
H-R005-C056,77,Billavali,5.22,0.0003,0.0003,False
H-R005-C057,77,Billavali,1368162.56,70.2141,70.2141,True
H-R005-C057,78,Choithram,446675.1,22.9234,22.9234,False
H-R005-C057,79,Sukhniwas,133719.5,6.8625,6.8625,False
H-R005-C058,77,Billavali,1884073.25,96.6907,96.6907,True
H-R005-C058,79,Sukhniwas,64483.91,3.3093,3.3093,False
H-R005-C059,77,Billavali,1948557.16,100.0,100.0,True
H-R005-C060,77,Billavali,1948557.16,100.0,100.0,True
H-R005-C061,77,Billavali,1343175.32,68.9318,78.4607,True
H-R005-C061,75,Paalada,368732.74,18.9234,21.5393,False
H-R005-C062,75,Paalada,1948557.16,100.0,100.0,True
H-R006-C054,79,Sukhniwas,763718.22,39.194,100.0,True
H-R006-C055,79,Sukhniwas,1948557.16,100.0,100.0,True
H-R006-C056,79,Sukhniwas,1050652.93,53.9195,53.9195,True
H-R006-C056,80,Dr Rajendra Prasaad,637405.28,32.7117,32.7117,False
H-R006-C056,81,Annapurna,259230.25,13.3037,13.3037,False
H-R006-C056,82,Sudaama Nagar,1268.71,0.0651,0.0651,False
H-R006-C057,80,Dr Rajendra Prasaad,881243.44,45.2254,45.2254,True
H-R006-C057,78,Choithram,808522.84,41.4934,41.4934,False
H-R006-C057,81,Annapurna,258790.88,13.2812,13.2812,False
H-R006-C058,78,Choithram,1446607.4,74.2399,74.2399,True
H-R006-C058,77,Billavali,501949.76,25.7601,25.7601,False
H-R006-C059,77,Billavali,1450320.36,74.4305,74.4305,True
H-R006-C059,74,Vishnupuree,498236.79,25.5695,25.5695,False
H-R006-C060,77,Billavali,959015.14,49.2167,49.2167,True
H-R006-C060,74,Vishnupuree,579747.82,29.7527,29.7527,False
H-R006-C060,75,Paalada,378324.68,19.4156,19.4156,False
H-R006-C060,64,Chitaavad,31469.52,1.615,1.615,False
H-R006-C061,75,Paalada,1055754.24,54.1813,54.1813,True
H-R006-C061,77,Billavali,892802.92,45.8187,45.8187,False
H-R006-C062,75,Paalada,1680828.68,86.2602,86.2602,True
H-R006-C062,77,Billavali,267728.48,13.7398,13.7398,False
H-R006-C063,75,Paalada,1623024.95,83.2937,100.0,True
H-R007-C054,79,Sukhniwas,1048747.28,53.8217,97.873,True
H-R007-C054,85,Prajaapat Nagar,22791.99,1.1697,2.127,False
H-R007-C055,79,Sukhniwas,1089809.9,55.9291,55.9291,True
H-R007-C055,85,Prajaapat Nagar,778063.63,39.9302,39.9302,False
H-R007-C055,82,Sudaama Nagar,80683.63,4.1407,4.1407,False
H-R007-C056,82,Sudaama Nagar,900487.62,46.213,46.213,True
H-R007-C056,84,Dawaarkapuri,457075.03,23.4571,23.4571,False
H-R007-C056,81,Annapurna,326681.87,16.7653,16.7653,False
H-R007-C056,85,Prajaapat Nagar,124978.49,6.4139,6.4139,False
H-R007-C056,80,Dr Rajendra Prasaad,57271.57,2.9392,2.9392,False
H-R007-C056,83,Gumaastaa Nagar,45889.37,2.355,2.355,False
H-R007-C056,79,Sukhniwas,36173.21,1.8564,1.8564,False
H-R007-C057,81,Annapurna,764217.09,39.2196,39.2196,True
H-R007-C057,78,Choithram,514384.43,26.3982,26.3982,False
H-R007-C057,72,Lok Maanya Nagar,403260.55,20.6953,20.6953,False
H-R007-C057,82,Sudaama Nagar,176545.85,9.0603,9.0603,False
H-R007-C057,80,Dr Rajendra Prasaad,58684.65,3.0117,3.0117,False
H-R007-C057,71,Dravid Nagar,31464.58,1.6148,1.6148,False
H-R007-C058,78,Choithram,1013227.11,51.9988,51.9988,True
H-R007-C058,74,Vishnupuree,711873.19,36.5333,36.5333,False
H-R007-C058,77,Billavali,116490.55,5.9783,5.9783,False
H-R007-C058,73,Lakshman Sinh Chauhaan,106966.31,5.4895,5.4895,False
H-R007-C059,74,Vishnupuree,1399669.55,71.8311,71.8311,True
H-R007-C059,64,Chitaavad,548887.61,28.1689,28.1689,False
H-R007-C060,64,Chitaavad,1303810.34,66.9116,66.9116,True
H-R007-C060,75,Paalada,432711.83,22.2068,22.2068,False
H-R007-C060,53,Dr Maulaana Aajaad Nagar,135230.11,6.94,6.94,False
H-R007-C060,51,Maam Bhagavatee Nagar,63848.86,3.2767,3.2767,False
H-R007-C060,52,Musakkhedi,12956.02,0.6649,0.6649,False
H-R007-C061,75,Paalada,1112321.88,57.0844,57.0844,True
H-R007-C061,51,Maam Bhagavatee Nagar,520609.67,26.7177,26.7177,False
H-R007-C061,52,Musakkhedi,282165.34,14.4807,14.4807,False
H-R007-C061,54,Residency,33460.26,1.7172,1.7172,False
H-R007-C062,51,Maam Bhagavatee Nagar,1044182.89,53.5875,58.4641,True
H-R007-C062,75,Paalada,614946.87,31.5591,34.431,False
H-R007-C062,54,Residency,63713.01,3.2698,3.5673,False
H-R007-C062,76,Mundlaa Naayta,63182.71,3.2425,3.5376,False
H-R007-C063,76,Mundlaa Naayta,979026.2,50.2436,100.0,True
H-R008-C055,85,Prajaapat Nagar,938230.85,48.15,100.0,True
H-R008-C056,85,Prajaapat Nagar,1630959.69,83.7009,83.7009,True
H-R008-C056,84,Dawaarkapuri,172383.63,8.8467,8.8467,False
H-R008-C056,1,Sirapur,145181.81,7.4507,7.4507,False
H-R008-C056,83,Gumaastaa Nagar,32.03,0.0016,0.0016,False
H-R008-C057,83,Gumaastaa Nagar,1153606.37,59.2031,59.2031,True
H-R008-C057,71,Dravid Nagar,612003.43,31.408,31.408,False
H-R008-C057,84,Dawaarkapuri,63225.57,3.2447,3.2447,False
H-R008-C057,82,Sudaama Nagar,57847.25,2.9687,2.9687,False
H-R008-C057,1,Sirapur,32278.43,1.6565,1.6565,False
H-R008-C057,72,Lok Maanya Nagar,21749.18,1.1162,1.1162,False
H-R008-C057,70,Lok Naayak Nagar,7846.92,0.4027,0.4027,False
H-R008-C058,66,Shaheed Hemu Kolonee,731401.09,37.5355,37.5355,True
H-R008-C058,72,Lok Maanya Nagar,722810.52,37.0947,37.0947,False
H-R008-C058,73,Lakshman Sinh Chauhaan,344047.07,17.6565,17.6565,False
H-R008-C058,71,Dravid Nagar,85911.58,4.409,4.409,False
H-R008-C058,78,Choithram,47410.88,2.4331,2.4331,False
H-R008-C058,67,Mahaaraaja Holakar,16976.02,0.8712,0.8712,False
H-R008-C059,65,Sant Kavar Raam,797603.08,40.933,40.933,True
H-R008-C059,74,Vishnupuree,659768.76,33.8593,33.8593,False
H-R008-C059,73,Lakshman Sinh Chauhaan,234647.46,12.0421,12.0421,False
H-R008-C059,66,Shaheed Hemu Kolonee,96502.42,4.9525,4.9525,False
H-R008-C059,63,Navalakha,81997.97,4.2081,4.2081,False
H-R008-C059,64,Chitaavad,41343.79,2.1218,2.1218,False
H-R008-C059,62,Raavajee Baazaar,29999.66,1.5396,1.5396,False
H-R008-C059,61,Taatyaa Saravate,6694.01,0.3435,0.3435,False
H-R008-C060,63,Navalakha,940696.41,48.2766,48.2766,True
H-R008-C060,64,Chitaavad,873795.88,44.8432,44.8432,False
H-R008-C060,54,Residency,109634.62,5.6265,5.6265,False
H-R008-C060,74,Vishnupuree,24430.25,1.2538,1.2538,False
H-R008-C061,54,Residency,1010621.67,51.8651,51.8651,True
H-R008-C061,53,Dr Maulaana Aajaad Nagar,444423.73,22.8078,22.8078,False
H-R008-C061,52,Musakkhedi,288306.66,14.7959,14.7959,False
H-R008-C061,64,Chitaavad,100071.4,5.1357,5.1357,False
H-R008-C061,55,Saaooth Tukoganj,85497.12,4.3877,4.3877,False
H-R008-C061,63,Navalakha,19636.58,1.0077,1.0077,False
H-R008-C062,54,Residency,1609143.41,82.5813,82.5813,True
H-R008-C062,50,Brajeshvaree,242843.09,12.4627,12.4627,False
H-R008-C062,51,Maam Bhagavatee Nagar,89424.67,4.5893,4.5893,False
H-R008-C062,52,Musakkhedi,7145.99,0.3667,0.3667,False
H-R008-C063,76,Mundlaa Naayta,1374492.8,70.539,70.539,True
H-R008-C063,51,Maam Bhagavatee Nagar,309137.07,15.8649,15.8649,False
H-R008-C063,50,Brajeshvaree,264927.29,13.5961,13.5961,False
H-R008-C064,76,Mundlaa Naayta,1915923.17,98.3252,100.0,True
H-R009-C055,1,Sirapur,1294079.77,66.4122,94.0505,True
H-R009-C055,14,Ashok Nagar,55642.23,2.8556,4.0439,False
H-R009-C055,85,Prajaapat Nagar,26219.67,1.3456,1.9056,False
H-R009-C056,1,Sirapur,462524.21,23.7368,23.7368,True
H-R009-C056,5,Raaj Nagar,369100.12,18.9422,18.9422,False
H-R009-C056,70,Lok Naayak Nagar,297738.24,15.2799,15.2799,False
H-R009-C056,2,Chandan Nagar,279007.96,14.3187,14.3187,False
H-R009-C056,83,Gumaastaa Nagar,270058.61,13.8594,13.8594,False
H-R009-C056,3,Kaalaani Nagar,268622.26,13.7857,13.7857,False
H-R009-C056,85,Prajaapat Nagar,1505.24,0.0772,0.0772,False
H-R009-C057,70,Lok Naayak Nagar,640199.05,32.855,32.855,True
H-R009-C057,71,Dravid Nagar,580631.51,29.798,29.798,False
H-R009-C057,69,Jawaahar Maarg,545886.15,28.0149,28.0149,False
H-R009-C057,67,Mahaaraaja Holakar,128450.45,6.5921,6.5921,False
H-R009-C057,68,Bambaee Baazaar,30358.12,1.558,1.558,False
H-R009-C057,72,Lok Maanya Nagar,12052.31,0.6185,0.6185,False
H-R009-C057,5,Raaj Nagar,9463.79,0.4857,0.4857,False
H-R009-C057,6,Malhaaraganj,1515.78,0.0778,0.0778,False
H-R009-C058,59,Harasiddhee,508874.85,26.1155,26.1155,True
H-R009-C058,66,Shaheed Hemu Kolonee,471556.43,24.2003,24.2003,False
H-R009-C058,67,Mahaaraaja Holakar,340610.46,17.4801,17.4801,False
H-R009-C058,61,Taatyaa Saravate,276616.77,14.196,14.196,False
H-R009-C058,68,Bambaee Baazaar,176854.44,9.0762,9.0762,False
H-R009-C058,60,Ranipuraa,85792.09,4.4029,4.4029,False
H-R009-C058,69,Jawaahar Maarg,51848.75,2.6609,2.6609,False
H-R009-C058,62,Raavajee Baazaar,36403.36,1.8682,1.8682,False
H-R009-C059,62,Raavajee Baazaar,723394.65,37.1246,37.1246,True
H-R009-C059,55,Saaooth Tukoganj,528491.42,27.1222,27.1222,False
H-R009-C059,63,Navalakha,291939.71,14.9824,14.9824,False
H-R009-C059,60,Ranipuraa,188987.63,9.6988,9.6988,False
H-R009-C059,61,Taatyaa Saravate,112869.68,5.7925,5.7925,False
H-R009-C059,65,Sant Kavar Raam,102874.06,5.2795,5.2795,False
H-R009-C060,55,Saaooth Tukoganj,1064398.5,54.625,54.625,True
H-R009-C060,54,Residency,583434.86,29.9419,29.9419,False
H-R009-C060,48,Geeta Bhavan,241111.69,12.3739,12.3739,False
H-R009-C060,63,Navalakha,59612.11,3.0593,3.0593,False
H-R009-C061,50,Brajeshvaree,613470.86,31.4833,31.4833,True
H-R009-C061,54,Residency,496558.32,25.4834,25.4834,False
H-R009-C061,49,Tilak Nagar,487339.96,25.0103,25.0103,False
H-R009-C061,55,Saaooth Tukoganj,232587.85,11.9364,11.9364,False
H-R009-C061,48,Geeta Bhavan,118600.15,6.0866,6.0866,False
H-R009-C062,50,Brajeshvaree,1781277.6,91.4152,91.4152,True
H-R009-C062,76,Mundlaa Naayta,163405.62,8.386,8.386,False
H-R009-C062,49,Tilak Nagar,3694.83,0.1896,0.1896,False
H-R009-C062,54,Residency,179.11,0.0092,0.0092,False
H-R009-C063,76,Mundlaa Naayta,1948557.16,100.0,100.0,True
H-R009-C064,76,Mundlaa Naayta,1577141.23,80.9389,100.0,True
H-R009-C065,76,Mundlaa Naayta,825184.56,42.3485,100.0,True
H-R010-C055,14,Ashok Nagar,1373533.25,70.4898,99.456,True
H-R010-C055,1,Sirapur,7512.69,0.3856,0.544,False
H-R010-C056,3,Kaalaani Nagar,1060861.44,54.4434,54.4434,True
H-R010-C056,14,Ashok Nagar,374764.54,19.2329,19.2329,False
H-R010-C056,4,Sukhadev Nagar,274785.63,14.102,14.102,False
H-R010-C056,1,Sirapur,208905.31,10.721,10.721,False
H-R010-C056,5,Raaj Nagar,27644.12,1.4187,1.4187,False
H-R010-C056,6,Malhaaraganj,1596.12,0.0819,0.0819,False
H-R010-C057,4,Sukhadev Nagar,797854.24,40.9459,40.9459,True
H-R010-C057,6,Malhaaraganj,598238.87,30.7016,30.7016,False
H-R010-C057,5,Raaj Nagar,308719.42,15.8435,15.8435,False
H-R010-C057,7,Janata Colony,162197.42,8.324,8.324,False
H-R010-C057,70,Lok Naayak Nagar,34553.79,1.7733,1.7733,False
H-R010-C057,14,Ashok Nagar,24712.37,1.2682,1.2682,False
H-R010-C057,3,Kaalaani Nagar,11507.57,0.5906,0.5906,False
H-R010-C057,69,Jawaahar Maarg,10773.48,0.5529,0.5529,False
H-R010-C058,7,Janata Colony,527711.16,27.0821,27.0821,True
H-R010-C058,58,Emli Bazaar,399040.65,20.4788,20.4788,False
H-R010-C058,69,Jawaahar Maarg,364725.44,18.7177,18.7177,False
H-R010-C058,8,Joona Risaala,330136.13,16.9426,16.9426,False
H-R010-C058,6,Malhaaraganj,169205.44,8.6836,8.6836,False
H-R010-C058,9,Vrindaavan,99206.2,5.0913,5.0913,False
H-R010-C058,68,Bambaee Baazaar,25573.76,1.3124,1.3124,False
H-R010-C058,57,Devi Ahilyaabai,17287.26,0.8872,0.8872,False
H-R010-C058,13,Sangamanagar,12786.46,0.6562,0.6562,False
H-R010-C058,59,Harasiddhee,2884.66,0.148,0.148,False
H-R010-C059,57,Devi Ahilyaabai,867763.85,44.5337,44.5337,True
H-R010-C059,60,Ranipuraa,400614.47,20.5595,20.5595,False
H-R010-C059,56,Snehalata Ganj,372588.72,19.1213,19.1213,False
H-R010-C059,59,Harasiddhee,186565.01,9.5745,9.5745,False
H-R010-C059,58,Emli Bazaar,94417.09,4.8455,4.8455,False
H-R010-C059,47,Saradaar Vallabh Bhai,15735.13,0.8075,0.8075,False
H-R010-C059,55,Saaooth Tukoganj,10872.9,0.558,0.558,False
H-R010-C060,47,Saradaar Vallabh Bhai,1048863.62,53.8277,53.8277,True
H-R010-C060,55,Saaooth Tukoganj,895574.61,45.9609,45.9609,False
H-R010-C060,43,Shreenagar,2194.98,0.1126,0.1126,False
H-R010-C060,46,Somanaath,1923.94,0.0987,0.0987,False
H-R010-C061,48,Geeta Bhavan,692147.92,35.521,35.521,True
H-R010-C061,42,Swami Vivekaanand,435734.4,22.3619,22.3619,False
H-R010-C061,43,Shreenagar,376741.81,19.3344,19.3344,False
H-R010-C061,49,Tilak Nagar,240616.14,12.3484,12.3484,False
H-R010-C061,47,Saradaar Vallabh Bhai,104982.27,5.3877,5.3877,False
H-R010-C061,55,Saaooth Tukoganj,96692.26,4.9622,4.9622,False
H-R010-C061,45,Dr. Bheemrao Ambedkar,1642.36,0.0843,0.0843,False
H-R010-C062,41,Kailaashapuree,727371.16,37.3287,37.3287,True
H-R010-C062,42,Swami Vivekaanand,532236.39,27.3144,27.3144,False
H-R010-C062,49,Tilak Nagar,435816.89,22.3661,22.3661,False
H-R010-C062,50,Brajeshvaree,212469.96,10.904,10.904,False
H-R010-C062,40,Khajaraana,40662.76,2.0868,2.0868,False
H-R010-C063,50,Brajeshvaree,979340.14,50.2598,50.2598,True
H-R010-C063,41,Kailaashapuree,554111.65,28.437,28.437,False
H-R010-C063,76,Mundlaa Naayta,390114.53,20.0207,20.0207,False
H-R010-C063,39,Naaharasha Havelee,24990.84,1.2825,1.2825,False
H-R010-C064,76,Mundlaa Naayta,1940402.43,99.5815,99.5815,True
H-R010-C064,50,Brajeshvaree,6790.77,0.3485,0.3485,False
H-R010-C064,39,Naaharasha Havelee,1363.96,0.07,0.07,False
H-R010-C065,76,Mundlaa Naayta,1948557.16,100.0,100.0,True
H-R010-C066,76,Mundlaa Naayta,1947613.69,99.9516,100.0,True
H-R010-C067,76,Mundlaa Naayta,845343.31,43.383,100.0,True
H-R011-C054,15,Bijaasan,772488.64,39.6441,94.3218,True
H-R011-C054,14,Ashok Nagar,46503.69,2.3866,5.6782,False
H-R011-C055,15,Bijaasan,1247358.02,64.0144,64.0144,True
H-R011-C055,14,Ashok Nagar,693442.36,35.5875,35.5875,False
H-R011-C055,4,Sukhadev Nagar,7756.78,0.3981,0.3981,False
H-R011-C056,14,Ashok Nagar,698284.83,35.836,35.836,True
H-R011-C056,15,Bijaasan,509498.03,26.1475,26.1475,False
H-R011-C056,16,Nandabaag,376037.51,19.2983,19.2983,False
H-R011-C056,4,Sukhadev Nagar,225528.02,11.5741,11.5741,False
H-R011-C056,13,Sangamanagar,139208.77,7.1442,7.1442,False
H-R011-C057,13,Sangamanagar,1112719.58,57.1048,57.1048,True
H-R011-C057,9,Vrindaavan,580606.94,29.7968,29.7968,False
H-R011-C057,14,Ashok Nagar,140445.06,7.2076,7.2076,False
H-R011-C057,7,Janata Colony,97836.06,5.0209,5.0209,False
H-R011-C057,4,Sukhadev Nagar,16949.52,0.8698,0.8698,False
H-R011-C058,57,Devi Ahilyaabai,995131.85,51.0702,51.0702,True
H-R011-C058,58,Emli Bazaar,615080.04,31.5659,31.5659,False
H-R011-C058,9,Vrindaavan,218177.9,11.1969,11.1969,False
H-R011-C058,10,Baanaganga,120031.45,6.16,6.16,False
H-R011-C058,8,Joona Risaala,96.07,0.0049,0.0049,False
H-R011-C058,56,Snehalata Ganj,39.85,0.002,0.002,False
H-R011-C059,56,Snehalata Ganj,915605.03,46.9889,46.9889,True
H-R011-C059,47,Saradaar Vallabh Bhai,535267.16,27.4699,27.4699,False
H-R011-C059,24,Sant Baaleejee Mahaaraaj,305740.96,15.6906,15.6906,False
H-R011-C059,57,Devi Ahilyaabai,90074.33,4.6226,4.6226,False
H-R011-C059,11,Bhaageerathpura,76586.67,3.9304,3.9304,False
H-R011-C059,25,Nanda Nagar,15372.93,0.7889,0.7889,False
H-R011-C059,46,Somanaath,9910.07,0.5086,0.5086,False
H-R011-C060,45,Dr. Bheemrao Ambedkar,658655.95,33.8022,33.8022,True
H-R011-C060,43,Shreenagar,308693.02,15.8421,15.8421,False
H-R011-C060,46,Somanaath,303016.43,15.5508,15.5508,False
H-R011-C060,44,H.I.G.,224441.79,11.5184,11.5184,False
H-R011-C060,47,Saradaar Vallabh Bhai,211408.32,10.8495,10.8495,False
H-R011-C060,26,Jeen Maata,180868.24,9.2822,9.2822,False
H-R011-C060,25,Nanda Nagar,53499.22,2.7456,2.7456,False
H-R011-C060,56,Snehalata Ganj,2934.98,0.1506,0.1506,False
H-R011-C060,30,Sant Ravidaas,2631.26,0.135,0.135,False
H-R011-C060,28,Maam Tulaja Bhavaanee,2407.95,0.1236,0.1236,False
H-R011-C061,42,Swami Vivekaanand,563626.09,28.9253,28.9253,True
H-R011-C061,30,Sant Ravidaas,540139.89,27.72,27.72,False
H-R011-C061,43,Shreenagar,339688.59,17.4328,17.4328,False
H-R011-C061,37,Saamee Kripa,229224.99,11.7638,11.7638,False
H-R011-C061,40,Khajaraana,223404.94,11.4651,11.4651,False
H-R011-C061,41,Kailaashapuree,51627.03,2.6495,2.6495,False
H-R011-C061,44,H.I.G.,845.64,0.0434,0.0434,False
H-R011-C062,39,Naaharasha Havelee,926852.3,47.5661,47.5661,True
H-R011-C062,38,Haajee Colony,573790.32,29.4469,29.4469,False
H-R011-C062,40,Khajaraana,348889.32,17.905,17.905,False
H-R011-C062,41,Kailaashapuree,99025.22,5.082,5.082,False
H-R011-C063,39,Naaharasha Havelee,1777018.7,91.1966,91.1966,True
H-R011-C063,76,Mundlaa Naayta,142501.35,7.3132,7.3132,False
H-R011-C063,50,Brajeshvaree,22776.7,1.1689,1.1689,False
H-R011-C063,41,Kailaashapuree,6260.42,0.3213,0.3213,False
H-R011-C064,76,Mundlaa Naayta,1948557.16,100.0,100.0,True
H-R011-C065,76,Mundlaa Naayta,1948557.16,100.0,100.0,True
H-R011-C066,76,Mundlaa Naayta,1947800.23,99.9612,100.0,True
H-R012-C053,15,Bijaasan,765039.53,39.2618,100.0,True
H-R012-C054,15,Bijaasan,1843229.87,94.5946,100.0,True
H-R012-C055,15,Bijaasan,1905504.14,97.7905,97.7905,True
H-R012-C055,16,Nandabaag,43053.02,2.2095,2.2095,False
H-R012-C056,16,Nandabaag,1233400.92,63.2982,63.2982,True
H-R012-C056,15,Bijaasan,715156.24,36.7018,36.7018,False
H-R012-C057,16,Nandabaag,1307823.7,67.1175,67.1175,True
H-R012-C057,13,Sangamanagar,355237.68,18.2308,18.2308,False
H-R012-C057,17,Kushavaah Nagar,205086.7,10.5251,10.5251,False
H-R012-C057,12,Govind Colony,80409.08,4.1266,4.1266,False
H-R012-C058,12,Govind Colony,586592.91,30.104,30.104,True
H-R012-C058,10,Baanaganga,498234.66,25.5694,25.5694,False
H-R012-C058,17,Kushavaah Nagar,408175.43,20.9476,20.9476,False
H-R012-C058,9,Vrindaavan,159419.97,8.1814,8.1814,False
H-R012-C058,19,Vishvakarma,139306.59,7.1492,7.1492,False
H-R012-C058,18,Sant Kabeer,65661.56,3.3698,3.3698,False
H-R012-C058,57,Devi Ahilyaabai,48040.88,2.4655,2.4655,False
H-R012-C058,13,Sangamanagar,29502.74,1.5141,1.5141,False
H-R012-C058,11,Bhaageerathpura,13300.42,0.6826,0.6826,False
H-R012-C058,16,Nandabaag,321.89,0.0165,0.0165,False
H-R012-C059,11,Bhaageerathpura,922452.04,47.3403,47.3403,True
H-R012-C059,24,Sant Baaleejee Mahaaraaj,377560.82,19.3764,19.3764,False
H-R012-C059,23,Sv. Raajesh Joshee,316935.51,16.2651,16.2651,False
H-R012-C059,57,Devi Ahilyaabai,231918.67,11.9021,11.9021,False
H-R012-C059,20,Gauree Nagar,68681.49,3.5247,3.5247,False
H-R012-C059,10,Baanaganga,31008.62,1.5914,1.5914,False
H-R012-C060,27,Pashupati Naath,673360.47,34.5569,34.5569,True
H-R012-C060,25,Nanda Nagar,645363.42,33.1201,33.1201,False
H-R012-C060,23,Sv. Raajesh Joshee,350723.44,17.9991,17.9991,False
H-R012-C060,24,Sant Baaleejee Mahaaraaj,160916.18,8.2582,8.2582,False
H-R012-C060,56,Snehalata Ganj,71727.65,3.6811,3.6811,False
H-R012-C060,28,Maam Tulaja Bhavaanee,32856.85,1.6862,1.6862,False
H-R012-C060,44,H.I.G.,13609.11,0.6984,0.6984,False
H-R012-C060,26,Jeen Maata,0.02,0.0,0.0,False
H-R012-C061,28,Maam Tulaja Bhavaanee,543089.56,27.8714,27.8714,True
H-R012-C061,29,Dr Shyaamaaprasaad Mukharjee Nagar,457245.57,23.4659,23.4659,False
H-R012-C061,30,Sant Ravidaas,412995.73,21.195,21.195,False
H-R012-C061,44,H.I.G.,339706.39,17.4337,17.4337,False
H-R012-C061,31,Mahaaraaja Chhatrasaal,174424.93,8.9515,8.9515,False
H-R012-C061,27,Pashupati Naath,18131.32,0.9305,0.9305,False
H-R012-C061,45,Dr. Bheemrao Ambedkar,2963.65,0.1521,0.1521,False
H-R012-C062,37,Saamee Kripa,1223372.16,62.7835,62.7835,True
H-R012-C062,30,Sant Ravidaas,363597.84,18.6598,18.6598,False
H-R012-C062,31,Mahaaraaja Chhatrasaal,167285.04,8.5851,8.5851,False
H-R012-C062,40,Khajaraana,129983.55,6.6708,6.6708,False
H-R012-C062,38,Haajee Colony,64318.56,3.3008,3.3008,False
H-R012-C063,38,Haajee Colony,828860.05,42.5371,42.5371,True
H-R012-C063,37,Saamee Kripa,662989.45,34.0246,34.0246,False
H-R012-C063,39,Naaharasha Havelee,450514.32,23.1204,23.1204,False
H-R012-C063,36,Nepaaniya,6193.33,0.3178,0.3178,False
H-R012-C064,76,Mundlaa Naayta,884092.94,45.3717,45.3717,True
H-R012-C064,38,Haajee Colony,499895.78,25.6547,25.6547,False
H-R012-C064,39,Naaharasha Havelee,412576.67,21.1734,21.1734,False
H-R012-C064,36,Nepaaniya,151991.77,7.8002,7.8002,False
H-R012-C065,76,Mundlaa Naayta,1806170.59,92.6927,100.0,True
H-R012-C066,76,Mundlaa Naayta,1478331.65,75.868,100.0,True
H-R013-C053,15,Bijaasan,1795280.83,92.1339,100.0,True
H-R013-C054,15,Bijaasan,1948557.16,100.0,100.0,True
H-R013-C055,15,Bijaasan,1182321.37,60.6768,60.6768,True
H-R013-C055,16,Nandabaag,766235.79,39.3232,39.3232,False
H-R013-C056,15,Bijaasan,1234485.35,63.3538,63.3538,True
H-R013-C056,16,Nandabaag,655078.1,33.6186,33.6186,False
H-R013-C056,17,Kushavaah Nagar,58993.71,3.0276,3.0276,False
H-R013-C057,17,Kushavaah Nagar,802333.34,41.1758,41.1758,True
H-R013-C057,15,Bijaasan,681023.85,34.9502,34.9502,False
H-R013-C057,18,Sant Kabeer,465199.97,23.8741,23.8741,False
H-R013-C058,19,Vishvakarma,821880.17,42.1789,42.1789,True
H-R013-C058,20,Gauree Nagar,806248.91,41.3767,41.3767,False
H-R013-C058,11,Bhaageerathpura,187175.43,9.6058,9.6058,False
H-R013-C058,18,Sant Kabeer,90501.39,4.6445,4.6445,False
H-R013-C058,21,Shyaam Nagar,37959.58,1.9481,1.9481,False
H-R013-C058,17,Kushavaah Nagar,4791.69,0.2459,0.2459,False
H-R013-C059,21,Shyaam Nagar,709253.5,36.3989,36.3989,True
H-R013-C059,22,P.Dee.D.Upaa. Nagar,511206.46,26.2351,26.2351,False
H-R013-C059,23,Sv. Raajesh Joshee,386529.86,19.8367,19.8367,False
H-R013-C059,27,Pashupati Naath,269672.89,13.8396,13.8396,False
H-R013-C059,33,Sookhaliya,41681.54,2.1391,2.1391,False
H-R013-C059,20,Gauree Nagar,30212.9,1.5505,1.5505,False
H-R013-C060,29,Dr Shyaamaaprasaad Mukharjee Nagar,988334.65,50.7214,50.7214,True
H-R013-C060,28,Maam Tulaja Bhavaanee,319692.89,16.4066,16.4066,False
H-R013-C060,33,Sookhaliya,303144.82,15.5574,15.5574,False
H-R013-C060,32,Atal Bihaaree Baajapeyee,200419.25,10.2855,10.2855,False
H-R013-C060,27,Pashupati Naath,95526.45,4.9024,4.9024,False
H-R013-C060,22,P.Dee.D.Upaa. Nagar,41439.1,2.1267,2.1267,False
H-R013-C061,31,Mahaaraaja Chhatrasaal,1072297.76,55.0303,55.0303,True
H-R013-C061,29,Dr Shyaamaaprasaad Mukharjee Nagar,521764.39,26.777,26.777,False
H-R013-C061,32,Atal Bihaaree Baajapeyee,259506.93,13.3179,13.3179,False
H-R013-C061,37,Saamee Kripa,94988.08,4.8748,4.8748,False
H-R013-C062,36,Nepaaniya,1060609.17,54.4305,54.4305,True
H-R013-C062,37,Saamee Kripa,887947.99,45.5695,45.5695,False
H-R013-C063,36,Nepaaniya,1896262.3,97.3162,97.3162,True
H-R013-C063,38,Haajee Colony,42027.99,2.1569,2.1569,False
H-R013-C063,37,Saamee Kripa,10266.86,0.5269,0.5269,False
H-R013-C064,36,Nepaaniya,1129136.19,57.9473,83.992,True
H-R013-C064,76,Mundlaa Naayta,215201.18,11.0441,16.008,False
H-R014-C054,15,Bijaasan,1589167.53,81.5561,100.0,True
H-R014-C055,15,Bijaasan,1460548.34,74.9554,100.0,True
H-R014-C056,15,Bijaasan,1433007.43,73.542,100.0,True
H-R014-C057,15,Bijaasan,1948557.16,100.0,100.0,True
H-R014-C058,19,Vishvakarma,931463.15,47.8027,47.8027,True
H-R014-C058,18,Sant Kabeer,829343.96,42.562,42.562,False
H-R014-C058,15,Bijaasan,187750.05,9.6353,9.6353,False
H-R014-C059,20,Gauree Nagar,742241.69,38.0919,38.0919,True
H-R014-C059,19,Vishvakarma,703490.4,36.1031,36.1031,False
H-R014-C059,21,Shyaam Nagar,502825.07,25.805,25.805,False
H-R014-C060,21,Shyaam Nagar,795047.36,40.8018,40.8018,True
H-R014-C060,33,Sookhaliya,763763.59,39.1964,39.1964,False
H-R014-C060,34,Shaheed BhagatSinh,356151.34,18.2777,18.2777,False
H-R014-C060,32,Atal Bihaaree Baajapeyee,29302.95,1.5038,1.5038,False
H-R014-C060,22,P.Dee.D.Upaa. Nagar,4291.92,0.2203,0.2203,False
H-R014-C061,34,Shaheed BhagatSinh,1440359.73,73.9193,73.9193,True
H-R014-C061,32,Atal Bihaaree Baajapeyee,463373.25,23.7803,23.7803,False
H-R014-C061,35,Lasudiya Moree,44824.18,2.3004,2.3004,False
H-R014-C062,36,Nepaaniya,822956.04,42.2341,42.2341,True
H-R014-C062,31,Mahaaraaja Chhatrasaal,694587.94,35.6463,35.6463,False
H-R014-C062,34,Shaheed BhagatSinh,171124.04,8.7821,8.7821,False
H-R014-C062,37,Saamee Kripa,134049.26,6.8794,6.8794,False
H-R014-C062,35,Lasudiya Moree,110258.13,5.6585,5.6585,False
H-R014-C062,32,Atal Bihaaree Baajapeyee,15581.75,0.7997,0.7997,False
H-R014-C063,36,Nepaaniya,1700706.62,87.2803,87.2803,True
H-R014-C063,35,Lasudiya Moree,247850.54,12.7197,12.7197,False
H-R014-C064,36,Nepaaniya,1905709.74,97.8011,97.8011,True
H-R014-C064,35,Lasudiya Moree,42847.41,2.1989,2.1989,False
H-R015-C056,15,Bijaasan,1448938.79,74.3596,92.0296,True
H-R015-C056,18,Sant Kabeer,125488.57,6.4401,7.9704,False
H-R015-C057,15,Bijaasan,1172591.29,60.1774,60.1774,True
H-R015-C057,18,Sant Kabeer,775965.87,39.8226,39.8226,False
H-R015-C058,19,Vishvakarma,1525974.8,78.3131,78.3131,True
H-R015-C058,18,Sant Kabeer,422582.36,21.6869,21.6869,False
H-R015-C059,19,Vishvakarma,1475701.33,75.733,75.733,True
H-R015-C059,21,Shyaam Nagar,412783.75,21.1841,21.1841,False
H-R015-C059,35,Lasudiya Moree,60072.08,3.0829,3.0829,False
H-R015-C060,35,Lasudiya Moree,1306248.72,67.0367,67.0367,True
H-R015-C060,34,Shaheed BhagatSinh,426300.72,21.8778,21.8778,False
H-R015-C060,21,Shyaam Nagar,215969.4,11.0836,11.0836,False
H-R015-C060,19,Vishvakarma,38.32,0.002,0.002,False
H-R015-C061,35,Lasudiya Moree,1947388.98,99.94,99.94,True
H-R015-C061,36,Nepaaniya,972.03,0.0499,0.0499,False
H-R015-C061,34,Shaheed BhagatSinh,196.16,0.0101,0.0101,False
H-R015-C062,35,Lasudiya Moree,1859688.49,95.4393,95.4393,True
H-R015-C062,36,Nepaaniya,88868.67,4.5607,4.5607,False
H-R015-C063,35,Lasudiya Moree,1411323.15,72.4291,72.4291,True
H-R015-C063,36,Nepaaniya,537234.01,27.5709,27.5709,False
H-R015-C064,36,Nepaaniya,1372832.56,70.4538,100.0,True
H-R016-C057,18,Sant Kabeer,1887106.02,96.8463,96.8463,True
H-R016-C057,15,Bijaasan,61451.14,3.1537,3.1537,False
H-R016-C058,18,Sant Kabeer,1919245.1,98.4957,100.0,True
H-R016-C059,19,Vishvakarma,789542.49,40.5193,72.7685,True
H-R016-C059,18,Sant Kabeer,295463.93,15.1632,27.2315,False
H-R016-C060,35,Lasudiya Moree,612151.69,31.4156,83.2762,True
H-R016-C060,19,Vishvakarma,122934.32,6.309,16.7238,False
H-R016-C062,35,Lasudiya Moree,1775740.43,91.131,100.0,True
H-R016-C063,35,Lasudiya Moree,1711425.12,87.8304,87.8304,True
H-R016-C063,36,Nepaaniya,237132.04,12.1696,12.1696,False
H-R016-C064,36,Nepaaniya,1948557.16,100.0,100.0,True
H-R017-C056,18,Sant Kabeer,1019114.08,52.301,100.0,True
H-R017-C057,18,Sant Kabeer,1938794.94,99.499,100.0,True
H-R017-C060,35,Lasudiya Moree,1321668.13,67.828,100.0,True
H-R017-C062,35,Lasudiya Moree,1484973.19,76.2089,100.0,True
H-R017-C063,36,Nepaaniya,666074.86,34.183,81.5513,True
H-R017-C063,35,Lasudiya Moree,150680.46,7.7329,18.4487,False
H-R017-C064,36,Nepaaniya,759597.3,38.9826,100.0,True
H-R018-C057,18,Sant Kabeer,1059597.0,54.3785,100.0,True
H-R018-C058,18,Sant Kabeer,606505.13,31.1259,100.0,True
